--Add PERSON--
INSERT INTO "PERSON" (PERSONID, IDNUMBER, FIRSTNAME, LASTNAME, PHONENUMBER, EMAIL, PERSONTYPE, USERNAME, PASSWORD, ACTIVE_USER)
  VALUES (1, '971245', 'Morne', 'Venter', '0715724319', 'morne@mail.com', 'E', 'morVen', 'pass123', '1');
INSERT INTO "PERSON" (PERSONID, IDNUMBER, FIRSTNAME, LASTNAME, PHONENUMBER, EMAIL, PERSONTYPE, USERNAME, PASSWORD, ACTIVE_USER)
  VALUES (2, '980704', 'Eon', 'Viljoen', '0123649821', 'eon@mail.com', 'C', 'eonBoy', 'secret123', '1');
INSERT INTO "PERSON" (PERSONID, IDNUMBER, FIRSTNAME, LASTNAME, PHONENUMBER, EMAIL, PERSONTYPE, USERNAME, PASSWORD, ACTIVE_USER)
  VALUES (3, '950510', 'Coenraad', 'Human', '0123592134', 'coen@mail.com', 'E', 'coenPenguin', 'megaSecret', '1');

--add SUBSCRIPTION--
INSERT INTO "SUBSCRIPTION" (SUBSCRIPTION_TYPE, MONTHLY_PRICE, NAME, INTERVAL_TIME) VALUES (1, 99.99, 'Gold', 15);
INSERT INTO "SUBSCRIPTION" (SUBSCRIPTION_TYPE, MONTHLY_PRICE, NAME, INTERVAL_TIME) VALUES (2, 59.99, 'Silver', 30);
INSERT INTO "SUBSCRIPTION" (SUBSCRIPTION_TYPE, MONTHLY_PRICE, NAME, INTERVAL_TIME) VALUES (3, 29.99, 'Bronze', 60);

--add CUSTOMER
INSERT INTO "CUSTOMER" (PERSONID, SUBSCRIPTION_TYPE, PERSONTYPE) VALUES (2, 2, 'C');

--add EMPLOYEE
INSERT INTO "EMPLOYEE" (PERSONID, POSITIONTITLE, POSITIONTYPE, VATNUMBER, PERSONTYPE) VALUES (1, 'Head Manager', 'M', '1515415', 'E');
INSERT INTO "EMPLOYEE" (PERSONID, POSITIONTITLE, POSITIONTYPE, VATNUMBER, PERSONTYPE) VALUES (3, 'Technician', 'T', '1541515', 'E');

--add TECHNICIAN
INSERT INTO "TECHNICIAN" (PERSONID, HARDWARE_YES, SOFTWARE_YES, POSITIONTYPE) VALUES (3, 1, 0, 'T');

--add SALARY
INSERT INTO "SALARY" (PERSONID, AMOUNT, DATEPAID) VALUES (1, 30000.50, TO_DATE('2018-01-14 00:00:00', 'YYYY-MM-DD HH24:MI:SS'));
INSERT INTO "SALARY" (PERSONID, AMOUNT, DATEPAID) VALUES (3, 15000.40, TO_DATE('2019-05-14 17:23:30', 'YYYY-MM-DD HH24:MI:SS'));

--add  LOCATION
INSERT INTO "LOCATION" (LOCATIONID, LOCATIONNAME, PROVINCE) VALUES (1, 'Anatombi', 'North West');
INSERT INTO "LOCATION" (LOCATIONID, LOCATIONNAME, PROVINCE) VALUES (2, 'Coenraad huis', 'North West');

--add STATION
INSERT INTO "STATION" (STATIONID, STATUS, LOCATIONID, COORDINATES, ISACTIVE) VALUES (1, 'Working', 1, 'x:4574,23232;y:347864,23', 1);
INSERT INTO "STATION" (STATIONID, STATUS, LOCATIONID, COORDINATES, ISACTIVE) VALUES (2, 'Offline', 1, 'x:4574,22;y:34764,23', 0);
INSERT INTO "STATION" (STATIONID, STATUS, LOCATIONID, COORDINATES, ISACTIVE) VALUES (3, 'Working', 2, 'x:34737,123;y:374,534', 1);

--add STATION_HIST
INSERT INTO "STATION_HIST" (LOCATIONID, COORDINATES, STATIONID) VALUES (1, 'x:5445;y:34345', 1);
INSERT INTO "STATION_HIST" (LOCATIONID, COORDINATES, STATIONID) VALUES (1, 'x:56457;y:11112', 1);
INSERT INTO "STATION_HIST" (LOCATIONID, COORDINATES, STATIONID) VALUES (2, 'x:5775;y:8966', 2);

--add FORECAST
INSERT INTO "FORECAST" (FORECASTDATE, LOCATIONID, TEMPRATURE, AIR_PRESSURE, HUMIDITY, AMBIENT_LIGHT, ALTITUDE)
VALUES (TO_DATE('2019-05-21 17:52:08', 'YYYY-MM-DD HH24:MI:SS'), 2, 32, 874.6, 0.54, 0.08, 1385.1);

--REPAIRLOG
INSERT INTO "REPAIRLOG" (PERSONID, STATIONID, DATE_OF, DESCRIPTION) VALUES (3, 2, TO_DATE('2019-05-22 18:04:03', 'YYYY-MM-DD HH24:MI:SS'), 'Fixed light sensor.');
INSERT INTO "REPAIRLOG" (PERSONID, STATIONID, DATE_OF, DESCRIPTION) VALUES (3, 1, TO_DATE('2019-07-12 18:04:03', 'YYYY-MM-DD HH24:MI:SS'), 'Fixed faulty battery.');

--STATIONREADING
